id,num
dBdoll.YUESTEVENuen,000001
もぺもぺ.LeaF,000002
Glaciaxion.SunsetRay,000003
Dash.小红Akane李祥辉,000004
EradicationCatastrophe.NceS,000005
云女孩.符白牙SiYFics,000006
HumaN.SOTUI,000007
EnginexStartmelodymix.CrossingSound,000008
Wintercube.CtymaxfeatNceS,000009
Winter♂cube,000010
萤火虫の怨.闫东炜,000011
光.姜米條,000012
万吨匿名信.闫东炜,000013
Credits.Frums,000014
风屿.闫东炜,000015
混乱Confusion.OnlyMyBlackScore,000016
DropIt.Asuka,000017
MARENOL.LeaF,000018
PRAW.Bluewind,000019
Dlyrotz.Likey,000020
PixelRebelz.Normal1zer,000021
Cereris.SunsetRayNceS,000022
Doppelganger.LeaF,000023
Cipher20.TetrajectoryfeatCtymax,000024
FULiAUTOSHOOTER.MYUKKE,000025
RIPPER.Friedwav,000026
NonMelodicRagezMUGEdit.Normal1zer,000027
SultanRage.MonstDeath,000028
ClassMemories.AntistarfeatCtymax,000029
SURREALISM.Itsuki,000030
BonusTime.MegaloPaleWhite,000031
ENERGYSYNERGYMATRIX.Tanchiky,000032
Aphasia.闫东炜,000033
开心病.闫东炜,000034
華灯爱.闫东炜,000035
FindMe.Kforest,000036
狂喜蘭舞.LeaF,000037
Sein.朔Apo11oprogramvsお月さま交響曲ftkuroa荒巻,000038
SparkleNewLife.rider,000039
KhronostasisKatharsis.Halv,000040
SnowDesert.WyvernP,000041
Burn.NceS,000042
Christmas,000043
Aleph0.LeaF,000044
NYA.FLuoRiTe姜米條,000045
JunXionBetweenLifeAndDeathVIPMix.1N6Fs,000046
cryout.JuE,000047
尊師TheGuru.rider,000048
Reimei.影虎,000049
Spasmodic.姜米條颶風元力上人,000050
NextTime.SaMZIng,000051
RubbishSorting.CtymaxvsNceS,000052
AnotherMe.NeutralMoon,000053
mechanted.rareguy,000054
lifeflashesbeforeweebeyes.BilliumMoto,000055
BreakThroughTheBarrier.lixound,000056
Chronostasis.黒皇帝,000057
DeadSoul.SoundSouler,000058
Burn(Haocore Mix),000059
InfinityHeaven.HyuN,000060
Disorder.HyuNfeatYURI,000061
CROSSSOUL.HyuNfeatSyepias,000062
MagentaPotion.EmoCo,000063
SpeedUp.DarTokki,000064
GetBack.CAP3,000065
Palescreen.WyvernPfeatMadol,000066
LeaveAllBehind.rider,000067
GOODTEK.EBIMAYO,000068
GOODBOUNCE.EBIMAYO,000069
GOODWORLD.EBIMAYO,000070
GOODFORTUNE.EBIMAYO,000071
GOODRAGE.EBIMAYO,000072
ColorfulDays.P4koofeatつゆり花鈴,000073
TheMountainEater.PaulBazooka,000074
microwav.dandeless,000075
重生.姜米條,000076
NOONEYESMAN.MYUKKE,000077
Igallta.SeURa,000078
望影の方舟Six.SeURa,000079
Orthodox.tokiwa,000080
EndMe.ZxNXasDelaina,000081
ParallelRetrogressionGameVer.Tetrajectory,000082
Starduster.Quree,000083
Electron.ElousFZ,000084
SIGMA.Kryexe,000085
Poseidon.1112vsStar,000086
WATER.A39沙包P,000087
MiracleForestVIPMix.Rinthlive,000088
MOBILYS.Dachs,000089
Lyrith迷宮リリス.ユメミド,000090
HardcoreKwaya.EnFr,000091
Aventyr.GrandThawRigelTheatre,000092
Trane.MALVA,000093
雪降りメリクリ.A39,000094
CervelleConnexion.SCTL,000095
modulus.PTB10,000096
Shadow.SumaiLightvs姜米條,000097
Anomaly,000098
Destination,000099
Wavetapper.Frums,000100
Spasmodic(Haocore Mix),000101
大和撫子WildDances.adapatorvsDRIVE,000102
Eltaw.Fl00t,000103
BetterGraphicAnimation.ルゼ,000104
GetReady.iF,000105
Initialize.iF,000106
volcanic.DETROakaルゼ,000107
桜樹街道.kozatosnow,000108
XING.ginkiha,000109
FinalStep.Lime,000110
Cthugha.USAO,000111
WithYou.Cashew,000112
UnorthodoxThoughts.Joulez,000113
Apocalyptic.ZClaxxSumaiLight,000114
游园地.椒盐菠萝,000115
energytrixxx.KAH,000116
Chronologika.Hundotte,000117
Chronomia.Lime,000118
ChronosCollapseLaCampanella.SunsetRay,000119
ClockParadox.WyvernP,000120
NickofTime.P4koo,000121
Rrharil.TeamGrimoire,000122
Nhelv.Silentroom,000123
Arkhei.SeraAmagi,000124
Kerberos.Zris,000125
parsey.siqlo,000126
Concvssion.Halv,000127
ジングルベルJingleBell.A39沙包P,000128
TimetoNightSkyfeatLeeYuJin.HyuNKLYDIX,000129
HAZARD.Limpid,000130
AnotherMe.DAAN,000131
DontNeverAround.HAMA,000132
RESSiSTANCE.ぐるたみん,000133
996.李化禹,000134
AnotherRound.JustinDai,000135
Dreamland.z1onkyrrin,000136
FutureMind.RayNauticaRekuMochizuki,000137
Luminescent.Daison,000138
Demiurge.Rabpit,000139
FULiAUTOBUSTER.MYUKKE,000140
今年も「雪降り、メリクリ」目指して頑張ります！！,000141
AfterDawn.S9ryne,000142
Ark.kanoryo,000143
Demonkin.ForgedReigns,000144
INFiNiTEENERZYOverdoze.RekuMochizuki,000145
Re_NascencePsystyleVer.Rinth_live,000146
IMustSayNo.TangJuan,000147
opia.rN,000148
Apocalypse.アリスシャッハと魔法の楽団,000149
Protoflicker.Silentroom,000150
HorizonBlue.NothingButRequiemfeatAikapinChiyoko,000151
YouaretheMiserable.tpazolite,000152
Stasis.Maozon,000153
いざ参ります.Uskefeat棗いつき,000154
月下缭乱.月見静華vsLUNARiUM,000155
OnAndOn.ETIAfeatJenga,000156
心之所向.姜米條,000157
inferior.姜米條,000158
DataErr0r.Cosmograph,000159
csqn.Aoi,000160
BraveNotes.TurquoiseDRIVENota,000161
青芽.茶鸣拾贰律,000162
盏茗.茶鸣拾贰律,000163
EternalSnow.AbyssIdols,000164
RainySeason.AbyssIdols,000165
ElCondorPasaPhigrosEdit.PlasticFruits,000166
BreakOver.Kforest,000167
BelieveLightfeat果丸哒呦.ScalerMestie果丸哒呦,000168
Pontdessouvenirs.VeetaCrushvsitsufeatitsu,000169
青丘.BLACK0,000170
瓷岁.茶鸣拾贰律,000171
Feast远东之宴.茶鸣拾贰律,000172
PoisonANDORAffection.LeaF,000173
インフェルノシティ.Ponchifeatはぁち,000174
Upshift.Iriss-Frantzz,000175
Random.SobremSilentroom,000176
零號車輛.seatrus,000177
Sigma (Haocore Mix) ~ 105秒の伝説 ~,000178
Sigma (Haocore Mix) ~ Regrets of The Yellow Tulip ~,000179
CraveWave.LandRoot,000180
TheChariotREVIIVAL.Attoclef,000181
Luminescence.米虾Fomiki初云CLoudie,000182
Retribution.nmyKryexe,000183
DESTRUCTION321.Normal1zervsBrokenNerdz,000184
DistortedFate.Sakuzyo,000185
NowIsTheTimeDoIt.RoyMikelate,000186
Bougainvillea.Jade,000187
神話.PicaM2U,000188
Elúltimobaile.Θ,000189
Trojan.litmus,000190
TemporalShifting.LureRabbitVC,000191
Adastraperaspera.RabbitHouse,000192
Ajourneytothemoonlight.Yesod,000193
RainyHeart.BelieverInYou阿卡姆巫师,000194
Realms.HinkikAHimitsu,000195
ぱぴぷぴぷぴぱ.ころねぽちWith立秋,000196
TriumphRegret.typeMARS,000197
SATELLITE.かめりあ,000198
DancewithSilence.かめりあ,000199
LabyrinthinKowloonWalledWorld.かめりあ,000200
ComputeItWithSomeDevilishAlcoholicSteampunkEngines.かめりあ,000201
ERABYECONNEC10N.かめりあ,000202
DiamondEyes.SYNTHETIC,000203
Bitterblossom.imvi,000204
SilenceisGoldenSpeechisGolden.NIWASHI,000205
FracturedAngel.DJRaisei,000206
JourneywithYou.Iris,000207
SecretIllumination.Yooh,000208
InvertedWorld.ARForest,000209
TECHNOPOLIS2085.PRASTIKDANCEFLOOR,000211
祈-我ら神祖と共に歩む者なり-.光吉猛修VS穴山大輔VSKaiVS水野健治VS大国奏音,000212
bye.DingerBox,000213
聖夜讃歌.A39沙包P,000214
ストレイソウルアラウンド.みーに,000215
ManifoldHypothesis.cybermisofeattigerlily,000216
KMoeVIP.ZxNX,000217
GVNGlitterVomitusandNeon.SaltySaltUnfold33,000218
CrushBETA.shadow_bling,000219
Khalid.Dolphin,000220
PANICPARADISE.DJSHIONY,000221
FreakyUndulationsNobleKnightsofTune.JehezukielKURORAK,000222
QuantumHyperspace.D_AAN,000223
ReEndofaDream.umavsモリモリあつし,000224
BrokenSky.JungoMAX3feat刘佳宜Snow幻影刃shadow,000225
BRAINHACKER.SOMON,000226
RetributionCycleofRedemption.ArdolfvsDaily天利,000227
IndelibleScar.Noah,000228
ArtificialExistence.JunKuroda,000229
Xenolith.Tatsh,000230
Antithese.Blacklolita,000231
PRAGMATISMRESURRECTION.Laur,000232
ShineAfter.ADeanJocularACE,000233
Bloom.targ麻团qwq,000234
幽世桔梗.Capchiifeatまるもこ,000235
明鏡烈火.MUEvsRekuMochizuki,000236
千紫万紅.r0yvsWABI,000237
今天不是明天.PIKASONICfeat兰音Reine,000238
atruthseekerCommunicationwithUtopiawillbelost.kuro,000239
Cuvism.Fl00tvsHalv,000240
iLArtifact.Link0,000241
BoundedQuietude.FiniteLimitvsSiLiS,000242
暗夜苏醒REANIMATE.Warak,000243
君往何处QuoVadis.M2U,000244
Grimheart.Puru,000245
月詠に鳴る.Feryquitousfeat藍月なくる,000246
NightTheater.わかどり,000248
Spotlight.Ardolf,000249
ATHAZA.LeaF,000250
心の記憶.A39沙包P,000251
Ramification.rareguyReina,000252
DerRichter.Ωμεγα,000253
Thrashforce.KAHvsE0ri4,000254
Originally.SNKSMizku,000255
黄金之城GOLDTOWN.Memme,000256
双重间谍DoubleAgent.WAVAV,000257
幻影鬼魅PLEASE.R300K,000258
Schadenfreude.ZxNX,000260
Letempsperdu.Daison,000261
FixationsTowardtheStars.Foodbot,000263
valorstarcross.LundyvsWyvren,000264
CometFeat符白牙.CNHKSS,000265
KirakiraNoelStory.RekuMochizuki,000267
Devotion.Connexio,000268
白と黒のバケモノ.テヅカ,000269
Shelter.MeatyRabbitNceS,000270
蝎虎天体Lacertid.CreamvsDaily天利,000271
贝多芬祝福BeethovenBlessing.Nauts,000273
インマイマインド.レシオP,000274
ニライカナイNiraicA_naiMix.roopfromSTR,000275
SwingSkipDrop.ミハイル,000276
宇宙残骸少女CosmicDustyGirl.辻原一郎,000277
The Chariot ~REVIIVAL~(2024 April Fools' Day),000278
Revisit(2024 April Fools' Day),000279
Retribution(2024 April Fools' Day),000280
Luminescence(2024 April Fools' Day),000281
Distorted Fate(2024 April Fools' Day),000282
"DESTRUCTION 3,2,1(2024 April Fools' Day)",000283
Crave Wave(2024 April Fools' Day),000284
Dlyrotz -SUPER ULTIMATE AMAZING AWESOME PRO MAX EXTRA REMIX-,000285
Resolver.Gomadare,000286
LuminousEntitiesLostHeart.NormalMfeatUsagiDenki,000287
KIZUNAResolution.TAG,000288
AbsoluTedisoRdeR.AcuteDisarray,000289
AphroditesChildshortver.RUQOA,000290
DevIAtiOnshortver.polysha,000291
NOx.Juggernaut,000292
Aliceinaxxxxxxxx.Nagiha,000293
Radiance.Nhato,000294
DiamondDust.MasahiroGodspeedAoki,000295
StardustRAY.kanonevsBlackY,000296
FrozenHeart.A39沙包P,000297
Helios.NOABotaNya,000299
FlutterEcho.Cansol,000300
Rebirth.ああああ,000301
AvataarReincarnationofKalpa.ScarletteakaCrYmson,000302
雪降り雪が降っている.AiSSw夜輪ft結月ゆかり,000303
アンビバレンス.すりぃ相沢,000304
Komplexe.雄之助featSennzai,000305
slips.rintarosoma,000306
QZKagoRequiem.tpazolite,000307
SolaggyfeatUzumaki.ShrimpCatsはぁち後藤涼輔,000309
000AinSophAur.Yumeji,000310
Xepion.Acotto,000311
Archidoxen.Se_IRA,000312
百鬼夜行.SaladSavior,000313
BANGINGSTRIKE.DewPleiades,000314
TheWholeRest.KIVΛ,000315
Cristalisia.onoken,000316
Hydra.JamesLandinoXAkiraComplex,000317
最高傑作.PYKAMIA,000318
Locomotive.K,000319
Introduction,000320
Alb.Avans,000321
Incyde.YbeLL,000322
彩.MisoilePunch,000323
彼方へ名もなき海辺より.打打だいず&月乃,000324
ABYSSMOTION192333.ariiolTSAR奏Sou,000325
Xenophobia.XinG,000326
Verruckt.Raimukun,000327
AfterZABANIYAMUGEdit.Daily天利,000328
OblivionPHIN.Daily天利vsEndCat终猫ftAiSSw夜輪,000329
下一秒.BobHouSherlock卓智媛feat兰音Reine,000330
玩具狂奏曲終焉.きくお,000331
亂舞.NekockLK,000332
SnowDance.悠叶いのり,000333
70MinutesFighters.かたぎり,000334
Cleyera.Riya,000335